koalas-yogamat-fitness-mat-zwart-anti-slip-yoga-mat-extra-dik-1cm-draagtas-e-book,9300000008698939,th8YemFaDrQCYw88qMBOtg.4_34.43
yoga-mat-fitness-mat-grijs-sport-mat-yogamat-anti-slip-eco-extra-dik-duurzaam-tpe-materiaal-incl-draagtas-van-rockerz-fitness,9300000034176674,mtLPlRzcLiqtcGBtPGBBLg.4_47.48
yoga-mat-sportmat-fitnessmat-antislip-duurzaam-yogamat-gratis-yogales-paars,9300000006125814,vmDuERib3ChYknm7Q51NFA.4_47.53
yoga-pilates-sokken-met-antislip-ballerina-yoga-dichte-tenen-grijs-pilateswinkel-meerdere-kleuren-verkrijgbaar,9200000132968661,g63MVXLdsZdNzT0VCeVHQg.4_47.62
koalas-yogamat-fitness-mat-zwart-anti-slip-yoga-mat-extra-dik-1cm-draagtas-e-book,9300000008698939,kGmoJ4zrJITJXEg-3IVGUA.4_47.56
yoga-mat-fitness-mat-grijs-sport-mat-yogamat-anti-slip-eco-extra-dik-duurzaam-tpe-materiaal-incl-draagtas-van-rockerz-fitness,9300000034176674,v2pN8KTy9rYuhSPGkxZCbw.4_47.48
yoga-mat-sportmat-fitnessmat-antislip-duurzaam-yogamat-gratis-yogales-paars,9300000006125814,lT-iMCMqxjW9Nh8Ldk5JwQ.4_47.51
yoga-pilates-sokken-met-antislip-ballerina-yoga-dichte-tenen-grijs-pilateswinkel-meerdere-kleuren-verkrijgbaar,9200000132968661,qpXGTRxKNKGxfB3kqJpPog.4_47.62
koalas-yogamat-fitness-mat-zwart-anti-slip-yoga-mat-extra-dik-1cm-draagtas-e-book,9300000008698939,sFDQb0u0G-mzW-hQ3B5Ewg.4_34.43
yoga-mat-fitness-mat-grijs-sport-mat-yogamat-anti-slip-eco-extra-dik-duurzaam-tpe-materiaal-incl-draagtas-van-rockerz-fitness,9300000034176674,nNF0Ko6A31jowcZcyodGjA.4_34.35
yoga-mat-sportmat-fitnessmat-antislip-duurzaam-yogamat-gratis-yogales-paars,9300000006125814,tryQWa1EE7nxIOuW1bZOCA.4_47.53
yoga-pilates-sokken-met-antislip-ballerina-yoga-dichte-tenen-grijs-pilateswinkel-meerdere-kleuren-verkrijgbaar,9200000132968661,vdl99jKdfwV8ZvxQzUtNvg.4_34.49
koalas-yogamat-fitness-mat-zwart-anti-slip-yoga-mat-extra-dik-1cm-draagtas-e-book,9300000008698939,hE5aAjyQsVmfhfR1IM5Juw.4_34.43
yoga-mat-fitness-mat-grijs-sport-mat-yogamat-anti-slip-eco-extra-dik-duurzaam-tpe-materiaal-incl-draagtas-van-rockerz-fitness,9300000034176674,mY4m8JdLV7SVm52JTQVAhw.4_34.35
yoga-mat-sportmat-fitnessmat-antislip-duurzaam-yogamat-gratis-yogales-paars,9300000006125814,n6GL8xUNFnRSzgd1kVRIsg.4_47.53
yoga-pilates-sokken-met-antislip-ballerina-yoga-dichte-tenen-grijs-pilateswinkel-meerdere-kleuren-verkrijgbaar,9200000132968661,gUbAGb1-0vodj4L1wQ9KiA.4_47.62
koalas-yogamat-fitness-mat-zwart-anti-slip-yoga-mat-extra-dik-1cm-draagtas-e-book,9300000008698939,gghV6CuB-QNHVTRu1spKOg.4_34.43
yoga-mat-fitness-mat-grijs-sport-mat-yogamat-anti-slip-eco-extra-dik-duurzaam-tpe-materiaal-incl-draagtas-van-rockerz-fitness,9300000034176674,v49sWCzUlwOf1JM9OeRA-Q.4_47.48
yoga-mat-sportmat-fitnessmat-antislip-duurzaam-yogamat-gratis-yogales-paars,9300000006125814,jSHlgU-XSxrsnbSeHhJJAA.4_34.40
yoga-pilates-sokken-met-antislip-ballerina-yoga-dichte-tenen-grijs-pilateswinkel-meerdere-kleuren-verkrijgbaar,9200000132968661,vH1iAgbwRzUe8KNZiQdOug.4_34.49
yoga-pilates-sokken-met-antislip-ballerina-yoga-dichte-tenen-zwart-pilateswinkel-meerdere-kleuren-verkrijgbaar,9200000132968175,q88rXKVfyKVHbjxtr-BO1g.4_34.38
tiktok-legging-dames-butt-lifting-tiktok-broek-tiktok-yogapants-grijs-zwart-maat-medium,9300000047159014,mKaLakTE5Rb3uPongMFCew.4_47.59
abc-store-sportlegging-dames-sportkleding-dames-sportbroek-dames-sportlegging-shape-legging-tiktok-legging-sportlegging-dames-high-waist-hardloopbroek-dames-yoga-legging-dames-zwart-maat-m,9300000075755342,kqsxUpp9ERfALThclzlEqA.4_47.57
yoga-pilates-sokken-met-antislip-ballerina-yoga-dichte-tenen-zwart-pilateswinkel-meerdere-kleuren-verkrijgbaar,9200000132968175,rxlvX6cY-NCsy9f4ml5GXg.4_34.38
tiktok-legging-dames-butt-lifting-tiktok-broek-tiktok-yogapants-grijs-zwart-maat-medium,9300000047159014,gvIxieooKzT-PuqiUjpG2A.4_47.59
abc-store-sportlegging-dames-sportkleding-dames-sportbroek-dames-sportlegging-shape-legging-tiktok-legging-sportlegging-dames-high-waist-hardloopbroek-dames-yoga-legging-dames-zwart-maat-m,9300000075755342,g6OiYnDHnGDiLKVt-clH0A.4_47.57
yoga-pilates-sokken-met-antislip-ballerina-yoga-dichte-tenen-zwart-pilateswinkel-meerdere-kleuren-verkrijgbaar,9200000132968175,vyaHebaBwbUtRTob8P5A9A.4_47.51
tiktok-legging-dames-butt-lifting-tiktok-broek-tiktok-yogapants-grijs-zwart-maat-medium,9300000047159014,pwk9Z-OiRBBQSadMiRxKoQ.4_34.46
abc-store-sportlegging-dames-sportkleding-dames-sportbroek-dames-sportlegging-shape-legging-tiktok-legging-sportlegging-dames-high-waist-hardloopbroek-dames-yoga-legging-dames-zwart-maat-m,9300000075755342,k8OXGI7-8j4FKHzvYapBWg.4_47.57
yoga-pilates-sokken-met-antislip-ballerina-yoga-dichte-tenen-zwart-pilateswinkel-meerdere-kleuren-verkrijgbaar,9200000132968175,sInNP4PmRgh4LkSoQVpOBg.4_47.49
tiktok-legging-dames-butt-lifting-tiktok-broek-tiktok-yogapants-grijs-zwart-maat-medium,9300000047159014,jheEBPiUkZELyInbdFlHfg.4_47.59
abc-store-sportlegging-dames-sportkleding-dames-sportbroek-dames-sportlegging-shape-legging-tiktok-legging-sportlegging-dames-high-waist-hardloopbroek-dames-yoga-legging-dames-zwart-maat-m,9300000075755342,rYzPFWJ2mSg63oAVjh1InQ.4_34.44
yoga-pilates-sokken-met-antislip-ballerina-yoga-dichte-tenen-zwart-pilateswinkel-meerdere-kleuren-verkrijgbaar,9200000132968175,uJZX1oJaZD16VVyhmVNI9g.4_47.51
tiktok-legging-dames-butt-lifting-tiktok-broek-tiktok-yogapants-grijs-zwart-maat-medium,9300000047159014,kVtP4UocDU5Az18I-TNLlg.4_47.59
abc-store-sportlegging-dames-sportkleding-dames-sportbroek-dames-sportlegging-shape-legging-tiktok-legging-sportlegging-dames-high-waist-hardloopbroek-dames-yoga-legging-dames-zwart-maat-m,9300000075755342,r1wAegGIJO0J0q85ITFFBg.4_34.44
koalas-yogamat-fitness-mat-zwart-anti-slip-yoga-mat-extra-dik-1cm-draagtas-e-book,9300000008698939,mTz480nAyEQbsVY-5sFC-w.4_34.43
yoga-mat-fitness-mat-grijs-sport-mat-yogamat-anti-slip-eco-extra-dik-duurzaam-tpe-materiaal-incl-draagtas-van-rockerz-fitness,9300000034176674,qDjHwUGmXFEM-F-qYShIdw.4_47.48
yoga-mat-sportmat-fitnessmat-antislip-duurzaam-yogamat-gratis-yogales-paars,9300000006125814,n6LUcPbqLL58P9xVPudHUw.4_47.53
yoga-pilates-sokken-met-antislip-ballerina-yoga-dichte-tenen-grijs-pilateswinkel-meerdere-kleuren-verkrijgbaar,9200000132968661,rhhirw8kxPwNoU9HsIJIYg.4_47.62
koalas-yogamat-fitness-mat-zwart-anti-slip-yoga-mat-extra-dik-1cm-draagtas-e-book,9300000008698939,u0UzBdEVtx5aLMWpuTlLSQ.4_11.20
yoga-pilates-sokken-met-antislip-ballerina-yoga-dichte-tenen-zwart-pilateswinkel-meerdere-kleuren-verkrijgbaar,9200000132968175,mA8GHiHsOE0DGt55HgBI8w.4_47.51
yoga-mat-fitness-mat-grijs-sport-mat-yogamat-anti-slip-eco-extra-dik-duurzaam-tpe-materiaal-incl-draagtas-van-rockerz-fitness,9300000034176674,vrG41j8roH4Dkds6dJdLcw.4_11.12
yoga-mat-sportmat-fitnessmat-antislip-duurzaam-yogamat-gratis-yogales-paars,9300000006125814,tyttxSjlDiq0LEmD4AZCxQ.4_34.40
tiktok-legging-dames-butt-lifting-tiktok-broek-tiktok-yogapants-grijs-zwart-maat-medium,9300000047159014,rTKB9s2-0jq-E-Gq9nJO-Q.4_24.36
yoga-pilates-sokken-met-antislip-ballerina-yoga-dichte-tenen-grijs-pilateswinkel-meerdere-kleuren-verkrijgbaar,9200000132968661,kmoQeqiiannP-pY-mN5P8w.4_11.26
koalas-yogamat-fitness-mat-zwart-anti-slip-yoga-mat-extra-dik-1cm-draagtas-e-book,9300000008698939,r0w4T9KFD-AQ8m5GOUdJrg.4_34.43
abc-store-sportlegging-dames-sportkleding-dames-sportbroek-dames-sportlegging-shape-legging-tiktok-legging-sportlegging-dames-high-waist-hardloopbroek-dames-yoga-legging-dames-zwart-maat-m,9300000075755342,jl-S-QzjBTMCgQGSNRtPuA.4_47.57
yoga-mat-fitness-mat-grijs-sport-mat-yogamat-anti-slip-eco-extra-dik-duurzaam-tpe-materiaal-incl-draagtas-van-rockerz-fitness,9300000034176674,u-q8NijZjbAy-pOpQNhD4g.4_34.35
yoga-mat-sportmat-fitnessmat-antislip-duurzaam-yogamat-gratis-yogales-paars,9300000006125814,lwWKo0ftB-23lUu02TdGMw.4_34.40
yoga-pilates-sokken-met-antislip-ballerina-yoga-dichte-tenen-zwart-pilateswinkel-meerdere-kleuren-verkrijgbaar,9200000132968175,v-cXAEwBnLb-DCgpChtOJA.4_24.26
yoga-pilates-sokken-met-antislip-ballerina-yoga-dichte-tenen-grijs-pilateswinkel-meerdere-kleuren-verkrijgbaar,9200000132968661,mvablzXW2vNfWvdyAgVFxw.4_11.26
tiktok-legging-dames-butt-lifting-tiktok-broek-tiktok-yogapants-grijs-zwart-maat-medium,9300000047159014,pvOqNqGkJsuEf-m9dIlNzw.4_47.59
koalas-yogamat-fitness-mat-zwart-anti-slip-yoga-mat-extra-dik-1cm-draagtas-e-book,9300000008698939,rrav4hbMyZwj0jLbAiROtQ.4_34.43
abc-store-sportlegging-dames-sportkleding-dames-sportbroek-dames-sportlegging-shape-legging-tiktok-legging-sportlegging-dames-high-waist-hardloopbroek-dames-yoga-legging-dames-zwart-maat-m,9300000075755342,pMYHNCywh4bD4qH74hdBtg.4_47.57
yoga-mat-fitness-mat-grijs-sport-mat-yogamat-anti-slip-eco-extra-dik-duurzaam-tpe-materiaal-incl-draagtas-van-rockerz-fitness,9300000034176674,gEsGQyAdph3GJJwtnbpMcQ.4_34.35
yoga-mat-sportmat-fitnessmat-antislip-duurzaam-yogamat-gratis-yogales-paars,9300000006125814,lUbV9NDLi60kfMJSQmJHtA.4_34.40
yoga-pilates-sokken-met-antislip-ballerina-yoga-dichte-tenen-zwart-pilateswinkel-meerdere-kleuren-verkrijgbaar,9200000132968175,mtry3cIRQj48IORKz9xAaA.4_24.28
tiktok-legging-dames-butt-lifting-tiktok-broek-tiktok-yogapants-grijs-zwart-maat-medium,9300000047159014,t9qK1-kc6-bTfe31xGpI8A.4_11.23
yoga-pilates-sokken-met-antislip-ballerina-yoga-dichte-tenen-grijs-pilateswinkel-meerdere-kleuren-verkrijgbaar,9200000132968661,ta2SC0Vu4w3YX7rfajFH4A.4_34.49
koalas-yogamat-fitness-mat-zwart-anti-slip-yoga-mat-extra-dik-1cm-draagtas-e-book,9300000008698939,sPmtV4ig2tMs6Ur9vWxBtw.4_24.33
abc-store-sportlegging-dames-sportkleding-dames-sportbroek-dames-sportlegging-shape-legging-tiktok-legging-sportlegging-dames-high-waist-hardloopbroek-dames-yoga-legging-dames-zwart-maat-m,9300000075755342,lUY-5lmeEyhIHB3WXDJFtA.4_24.34
yoga-pilates-sokken-met-antislip-ballerina-yoga-dichte-tenen-zwart-pilateswinkel-meerdere-kleuren-verkrijgbaar,9200000132968175,kLpjRUgsMwyXg2E25axEbw.4_47.51
yoga-mat-fitness-mat-grijs-sport-mat-yogamat-anti-slip-eco-extra-dik-duurzaam-tpe-materiaal-incl-draagtas-van-rockerz-fitness,9300000034176674,vFZdKifIWsyKpXocmBZEuw.4_11.12
yoga-mat-sportmat-fitnessmat-antislip-duurzaam-yogamat-gratis-yogales-paars,9300000006125814,vsA8MCmj8bMeK3VQcYJBfw.4_34.38
tiktok-legging-dames-butt-lifting-tiktok-broek-tiktok-yogapants-grijs-zwart-maat-medium,9300000047159014,mdx65damZcU-iq-u3uVJmg.4_11.23
yoga-pilates-sokken-met-antislip-ballerina-yoga-dichte-tenen-grijs-pilateswinkel-meerdere-kleuren-verkrijgbaar,9200000132968661,gqYcH7iY79YI1tFjp-9Meg.4_24.39
koalas-yogamat-fitness-mat-zwart-anti-slip-yoga-mat-extra-dik-1cm-draagtas-e-book,9300000008698939,rDTZmYchSUDkBaheDwtK9g.4_11.20
abc-store-sportlegging-dames-sportkleding-dames-sportbroek-dames-sportlegging-shape-legging-tiktok-legging-sportlegging-dames-high-waist-hardloopbroek-dames-yoga-legging-dames-zwart-maat-m,9300000075755342,mKR7wHGTP7pDEsuPtFZAWA.4_47.57
yoga-mat-fitness-mat-grijs-sport-mat-yogamat-anti-slip-eco-extra-dik-duurzaam-tpe-materiaal-incl-draagtas-van-rockerz-fitness,9300000034176674,sLUowHINF19AHduFzT9Obg.4_34.35
yoga-mat-sportmat-fitnessmat-antislip-duurzaam-yogamat-gratis-yogales-paars,9300000006125814,kId1naHzseOmdR72Y1dACw.4_11.17
yoga-pilates-sokken-met-antislip-ballerina-yoga-dichte-tenen-zwart-pilateswinkel-meerdere-kleuren-verkrijgbaar,9200000132968175,kiK2Q4fL76Kq6Qj7at9H2Q.4_24.28
yoga-pilates-sokken-met-antislip-ballerina-yoga-dichte-tenen-grijs-pilateswinkel-meerdere-kleuren-verkrijgbaar,9200000132968661,iZYihm4IWVD3L6pZCIJCeQ.4_47.62
